"Station Name","MONTREAL/PIERRE ELLIOTT TRUDEAU INTL"
"Province","QUEBEC"
"Latitude","45.47"
"Longitude","-73.74"
"Elevation","32.10"
"Climate Identifier","702S006"
"WMO Identifier","71183"
"TC Identifier","WTQ"
"All times are specified in Local Standard Time (LST). Add 1 hour to adjust for Daylight Saving Time where and when it is observed."

"Legend"
"E","Estimated"
"M","Missing"
"NA","Not Available"
"‡","Partner data that is not subject to review by the National Climate Archives"

"Date/Time","Year","Month","Day","Time","Data Quality","Temp (°C)","Temp Flag","Dew Point Temp (°C)","Dew Point Temp Flag","Rel Hum (%)","Rel Hum Flag","Wind Dir (10s deg)","Wind Dir Flag","Wind Spd (km/h)","Wind Spd Flag","Visibility (km)","Visibility Flag","Stn Press (kPa)","Stn Press Flag","Hmdx","Hmdx Flag","Wind Chill","Wind Chill Flag","Weather"
"2012-03-01 00:00","2012","03","01","00:00"," ","","M","","M","","M","4","","20","","","","100.99","","","","","","NA"
"2012-03-01 01:00","2012","03","01","01:00"," ","","M","","M","","M","4","","20","","","","100.92","","","","","","NA"
"2012-03-01 02:00","2012","03","01","02:00"," ","","M","","M","","M","4","","20","","","","100.82","","","","","","NA"
"2012-03-01 03:00","2012","03","01","03:00"," ","","M","","M","","M","4","","24","","","","100.74","","","","","","NA"
"2012-03-01 04:00","2012","03","01","04:00"," ","","M","","M","","M","4","","26","","","","100.64","","","","","","NA"
"2012-03-01 05:00","2012","03","01","05:00"," ","","M","","M","","M","4","","22","","","","100.62","","","","","","NA"
"2012-03-01 06:00","2012","03","01","06:00"," ","","M","","M","","M","4","","24","","","","100.61","","","","","","NA"
"2012-03-01 07:00","2012","03","01","07:00"," ","","M","","M","","M","5","","24","","","","100.62","","","","","","NA"
"2012-03-01 08:00","2012","03","01","08:00"," ","","M","","M","","M","4","","24","","","","100.63","","","","","","NA"
"2012-03-01 09:00","2012","03","01","09:00"," ","","M","","M","","M","4","","26","","","","100.64","","","","","","NA"
"2012-03-01 10:00","2012","03","01","10:00"," ","","M","","M","","M","4","","24","","","","100.66","","","","","","NA"
"2012-03-01 11:00","2012","03","01","11:00"," ","","M","","M","","M","4","","22","","","","100.69","","","","","","NA"
"2012-03-01 12:00","2012","03","01","12:00"," ","","M","","M","","M","4","","24","","","","100.69","","","","","","NA"
"2012-03-01 13:00","2012","03","01","13:00"," ","","M","","M","","M","4","","22","","","","100.69","","","","","","NA"
"2012-03-01 14:00","2012","03","01","14:00"," ","","M","","M","","M","4","","19","","","","100.71","","","","","","NA"
"2012-03-01 15:00","2012","03","01","15:00"," ","","M","","M","","M","4","","19","","","","100.73","","","","","","NA"
"2012-03-01 16:00","2012","03","01","16:00"," ","","M","","M","","M","5","","15","","","","100.77","","","","","","NA"
"2012-03-01 17:00","2012","03","01","17:00"," ","","M","","M","","M","5","","13","","","","100.83","","","","","","NA"
"2012-03-01 18:00","2012","03","01","18:00"
"2012-03-01 19:00","2012","03","01","19:00"," ","","M","","M","","M","4","","17","","","","100.96","","","","","","NA"
"2012-03-01 20:00","2012","03","01","20:00"," ","","M","","M","","M","5","","17","","","","100.99","","","","","","NA"
"2012-03-01 21:00","2012","03","01","21:00"," ","","M","","M","","M","4","","19","","","","101.02","","","","","","NA"
"2012-03-01 22:00","2012","03","01","22:00"," ","","M","","M","","M","4","","19","","","","101.03","","","","","","NA"
"2012-03-01 23:00","2012","03","01","23:00"," ","","M","","M","","M","5","","15","","","","101.08","","","","","","NA"
"2012-03-02 00:00","2012","03","02","00:00"," ","","M","","M","","M","4","","19","","","","101.07","","","","","","NA"
"2012-03-02 01:00","2012","03","02","01:00"," ","","M","","M","","M","4","","17","","","","101.12","","","","","","NA"
"2012-03-02 02:00","2012","03","02","02:00"," ","","M","","M","","M","4","","15","","","","101.14","","","","","","NA"
"2012-03-02 03:00","2012","03","02","03:00"," ","","M","","M","","M","2","","15","","","","101.19","","","","","","NA"
"2012-03-02 04:00","2012","03","02","04:00"," ","","M","","M","","M","4","","17","","","","101.18","","","","","","NA"
"2012-03-02 05:00","2012","03","02","05:00"," ","","M","","M","","M","4","","15","","","","101.18","","","","","","NA"
"2012-03-02 06:00","2012","03","02","06:00"," ","","M","","M","","M","4","","15","","","","101.18","","","","","","NA"
"2012-03-02 07:00","2012","03","02","07:00"," ","","M","","M","","M","4","","15","","","","101.21","","","","","","NA"
"2012-03-02 08:00","2012","03","02","08:00"," ","","M","","M","","M","2","","15","","","","101.24","","","","","","NA"
"2012-03-02 09:00","2012","03","02","09:00"," ","","M","","M","","M","2","","15","","","","101.22","","","","","","NA"
"2012-03-02 10:00","2012","03","02","10:00"," ","","M","","M","","M","1","","15","","","","101.25","","","","","","NA"
"2012-03-02 11:00","2012","03","02","11:00"," ","","M","","M","","M","2","","13","","","","101.25","","","","","","NA"
"2012-03-02 12:00","2012","03","02","12:00"," ","","M","","M","","M","2","","13","","","","101.22","","","","","","NA"
"2012-03-02 13:00","2012","03","02","13:00"," ","","M","","M","","M","2","","15","","","","101.12","","","","","","NA"
"2012-03-02 14:00","2012","03","02","14:00"," ","","M","","M","","M","2","","15","","","","101.07","","","","","","NA"
"2012-03-02 15:00","2012","03","02","15:00"," ","","M","","M","","M","3","","15","","","","101.02","","","","","","NA"
"2012-03-02 16:00","2012","03","02","16:00"," ","","M","","M","","M","2","","15","","","","100.96","","","","","","NA"
"2012-03-02 17:00","2012","03","02","17:00"," ","","M","","M","","M","2","","17","","","","100.93","","","","","","NA"
"2012-03-02 18:00","2012","03","02","18:00"," ","","M","","M","","M","3","","17","","","","100.85","","","","","","NA"
"2012-03-02 19:00","2012","03","02","19:00"," ","","M","","M","","M","3","","15","","","","100.78","","","","","","NA"
"2012-03-02 20:00","2012","03","02","20:00"," ","","M","","M","","M","3","","9","","","","100.77","","","","","","NA"
"2012-03-02 21:00","2012","03","02","21:00"," ","","M","","M","","M","4","","7","","","","100.66","","","","","","NA"
"2012-03-02 22:00","2012","03","02","22:00"," ","","M","","M","","M","12","","15","","","","100.52","","","","","","NA"
"2012-03-02 23:00","2012","03","02","23:00"," ","","M","","M","","M","12","","22","","","","100.31","","","","","","NA"
"2012-03-03 00:00","2012","03","03","00:00"," ","","M","","M","","M","13","","26","","","","100.15","","","","","","NA"
"2012-03-03 01:00","2012","03","03","01:00"," ","","M","","M","","M","11","","19","","","","99.97","","","","","","NA"
"2012-03-03 02:00","2012","03","03","02:00"," ","","M","","M","","M","8","","17","","","","99.78","","","","","","NA"
"2012-03-03 03:00","2012","03","03","03:00"," ","","M","","M","","M","10","","17","","","","99.58","","","","","","NA"
"2012-03-03 04:00","2012","03","03","04:00"," ","","M","","M","","M","12","","24","","","","99.43","","","","","","NA"
"2012-03-03 05:00","2012","03","03","05:00"," ","","M","","M","","M","13","","35","","","","99.21","","","","","","NA"
"2012-03-03 06:00","2012","03","03","06:00"," ","","M","","M","","M","14","","44","","","","99.06","","","","","","NA"
"2012-03-03 07:00","2012","03","03","07:00"," ","","M","","M","","M","14","","37","","","","98.93","","","","","","NA"
"2012-03-03 08:00","2012","03","03","08:00"," ","","M","","M","","M","14","","30","","","","98.81","","","","","","NA"
"2012-03-03 09:00","2012","03","03","09:00"," ","","M","","M","","M","15","","37","","","","98.72","","","","","","NA"
"2012-03-03 10:00","2012","03","03","10:00"," ","","M","","M","","M","22","","13","","","","98.88","","","","","","NA"
"2012-03-03 11:00","2012","03","03","11:00"," ","","M","","M","","M","23","","20","","","","98.85","","","","","","NA"
"2012-03-03 12:00","2012","03","03","12:00"," ","","M","","M","","M","22","","28","","","","98.83","","","","","","NA"
"2012-03-03 13:00","2012","03","03","13:00"," ","","M","","M","","M","23","","32","","","","98.74","","","","","","NA"
"2012-03-03 14:00","2012","03","03","14:00"," ","","M","","M","","M","24","","46","","","","98.68","","","","","","NA"
"2012-03-03 15:00","2012","03","03","15:00"," ","","M","","M","","M","23","","46","","","","98.68","","","","","","NA"
"2012-03-03 16:00","2012","03","03","16:00"," ","","M","","M","","M","23","","39","","","","98.69","","","","","","NA"
"2012-03-03 17:00","2012","03","03","17:00"," ","","M","","M","","M","23","","35","","","","98.73","","","","","","NA"
"2012-03-03 18:00","2012","03","03","18:00"," ","","M","","M","","M","23","","35","","","","98.84","","","","","","NA"
"2012-03-03 19:00","2012","03","03","19:00"," ","","M","","M","","M","22","","32","","","","98.94","","","","","","NA"
"2012-03-03 20:00","2012","03","03","20:00"," ","","M","","M","","M","22","","32","","","","98.98","","","","","","NA"
"2012-03-03 21:00","2012","03","03","21:00"," ","","M","","M","","M","23","","37","","","","99.00","","","","","","NA"
"2012-03-03 22:00","2012","03","03","22:00"," ","","M","","M","","M","23","","39","","","","99.08","","","","","","NA"
"2012-03-03 23:00","2012","03","03","23:00"," ","","M","","M","","M","24","","33","","","","99.20","","","","","","NA"
"2012-03-04 00:00","2012","03","04","00:00"," ","","M","","M","","M","28","","32","","","","99.36","","","","","","NA"
"2012-03-04 01:00","2012","03","04","01:00"," ","","M","","M","","M","28","","28","","","","99.47","","","","","","NA"
"2012-03-04 02:00","2012","03","04","02:00"," ","","M","","M","","M","27","","26","","","","99.58","","","","","","NA"
"2012-03-04 03:00","2012","03","04","03:00"," ","","M","","M","","M","27","","20","","","","99.66","","","","","","NA"
"2012-03-04 04:00","2012","03","04","04:00"," ","","M","","M","","M","30","","22","","","","99.72","","","","","","NA"
"2012-03-04 05:00","2012","03","04","05:00"," ","","M","","M","","M","32","","20","","","","99.80","","","","","","NA"
"2012-03-04 06:00","2012","03","04","06:00"," ","","M","","M","","M","27","","15","","","","99.85","","","","","","NA"
"2012-03-04 07:00","2012","03","04","07:00"," ","","M","","M","","M","29","","20","","","","99.92","","","","","","NA"
"2012-03-04 08:00","2012","03","04","08:00"," ","","M","","M","","M","27","","15","","","","99.99","","","","","","NA"
"2012-03-04 09:00","2012","03","04","09:00"," ","","M","","M","","M","29","","15","","","","99.98","","","","","","NA"
"2012-03-04 10:00","2012","03","04","10:00"," ","","M","","M","","M","26","","13","","","","99.99","","","","","","NA"
"2012-03-04 11:00","2012","03","04","11:00"," ","","M","","M","","M","28","","15","","","","99.98","","","","","","NA"
"2012-03-04 12:00","2012","03","04","12:00"," ","","M","","M","","M","27","","15","","","","99.98","","","","","","NA"
"2012-03-04 13:00","2012","03","04","13:00"," ","","M","","M","","M","28","","19","","","","99.92","","","","","","NA"
"2012-03-04 14:00","2012","03","04","14:00"," ","","M","","M","","M","27","","17","","","","99.92","","","","","","NA"
"2012-03-04 15:00","2012","03","04","15:00"," ","","M","","M","","M","27","","20","","","","99.92","","","","","","NA"
"2012-03-04 16:00","2012","03","04","16:00"," ","","M","","M","","M","27","","22","","","","99.96","","","","","","NA"
"2012-03-04 17:00","2012","03","04","17:00"," ","","M","","M","","M","28","","24","","","","99.97","","","","","","NA"
"2012-03-04 18:00","2012","03","04","18:00"," ","","M","","M","","M","27","","22","","","","100.06","","","","","","NA"
"2012-03-04 19:00","2012","03","04","19:00"," ","","M","","M","","M","27","","19","","","","100.12","","","","","","NA"
"2012-03-04 20:00","2012","03","04","20:00"," ","","M","","M","","M","28","","20","","","","100.16","","","","","","NA"
"2012-03-04 21:00","2012","03","04","21:00"," ","","M","","M","","M","28","","19","","","","100.20","","","","","","NA"
"2012-03-04 22:00","2012","03","04","22:00"," ","","M","","M","","M","29","","17","","","","100.24","","","","","","NA"
"2012-03-04 23:00","2012","03","04","23:00"," ","","M","","M","","M","28","","20","","","","100.26","","","","","","NA"
"2012-03-05 00:00","2012","03","05","00:00"," ","","M","","M","","M","27","","20","","","","100.29","","","","","","NA"
"2012-03-05 01:00","2012","03","05","01:00"," ","","M","","M","","M","27","","22","","","","100.36","","","","","","NA"
"2012-03-05 02:00","2012","03","05","02:00"," ","","M","","M","","M","27","","22","","","","100.43","","","","","","NA"
"2012-03-05 03:00","2012","03","05","03:00"," ","","M","","M","","M","27","","20","","","","100.50","","","","","","NA"
"2012-03-05 04:00","2012","03","05","04:00"," ","","M","","M","","M","27","","22","","","","100.59","","","","","","NA"
"2012-03-05 05:00","2012","03","05","05:00"," ","","M","","M","","M","26","","19","","","","100.72","","","","","","NA"
"2012-03-05 06:00","2012","03","05","06:00"," ","","M","","M","","M","26","","24","","","","100.79","","","","","","NA"
"2012-03-05 07:00","2012","03","05","07:00"," ","","M","","M","","M","26","","20","","","","100.90","","","","","","NA"
"2012-03-05 08:00","2012","03","05","08:00"," ","","M","","M","","M","27","","24","","","","101.03","","","","","","NA"
"2012-03-05 09:00","2012","03","05","09:00"," ","","M","","M","","M","26","","24","","","","101.14","","","","","","NA"
"2012-03-05 10:00","2012","03","05","10:00"," ","","M","","M","","M","27","","26","","","","101.24","","","","","","NA"
"2012-03-05 11:00","2012","03","05","11:00"," ","","M","","M","","M","27","","24","","","","101.35","","","","","","NA"
"2012-03-05 12:00","2012","03","05","12:00"," ","","M","","M","","M","26","","22","","","","101.41","","","","","","NA"
"2012-03-05 13:00","2012","03","05","13:00"," ","","M","","M","","M","27","","22","","","","101.49","","","","","","NA"
"2012-03-05 14:00","2012","03","05","14:00"," ","","M","","M","","M","26","","24","","","","101.59","","","","","","NA"
"2012-03-05 15:00","2012","03","05","15:00"," ","","M","","M","","M","25","","24","","","","101.68","","","","","","NA"
"2012-03-05 16:00","2012","03","05","16:00"," ","","M","","M","","M","25","","22","","","","101.76","","","","","","NA"
"2012-03-05 17:00","2012","03","05","17:00"," ","","M","","M","","M","25","","20","","","","101.86","","","","","","NA"
"2012-03-05 18:00","2012","03","05","18:00"," ","","M","","M","","M","26","","20","","","","101.94","","","","","","NA"
"2012-03-05 19:00","2012","03","05","19:00"," ","","M","","M","","M","26","","17","","","","102.04","","","","","","NA"
"2012-03-05 20:00","2012","03","05","20:00"," ","","M","","M","","M","27","","17","","","","102.14","","","","","","NA"
"2012-03-05 21:00","2012","03","05","21:00"," ","","M","","M","","M","27","","15","","","","102.27","","","","","","NA"
"2012-03-05 22:00","2012","03","05","22:00"," ","","M","","M","","M","29","","15","","","","102.33","","","","","","NA"
"2012-03-05 23:00","2012","03","05","23:00"," ","","M","","M","","M","28","","13","","","","102.38","","","","","","NA"
"2012-03-06 00:00","2012","03","06","00:00"," ","","M","","M","","M","29","","11","","","","102.45","","","","","","NA"
"2012-03-06 01:00","2012","03","06","01:00"," ","","M","","M","","M","30","","13","","","","102.53","","","","","","NA"
"2012-03-06 02:00","2012","03","06","02:00"," ","","M","","M","","M","25","","4","","","","102.59","","","","","","NA"
"2012-03-06 03:00","2012","03","06","03:00"," ","","M","","M","","M","28","","11","","","","102.65","","","","","","NA"
"2012-03-06 04:00","2012","03","06","04:00"," ","","M","","M","","M","28","","9","","","","102.74","","","","","","NA"
"2012-03-06 05:00","2012","03","06","05:00"," ","","M","","M","","M","28","","13","","","","102.88","","","","","","NA"
"2012-03-06 06:00","2012","03","06","06:00"," ","","M","","M","","M","28","","11","","","","102.94","","","","","","NA"
"2012-03-06 07:00","2012","03","06","07:00"," ","","M","","M","","M","26","","13","","","","103.03","","","","","","NA"
"2012-03-06 08:00","2012","03","06","08:00"," ","","M","","M","","M","27","","4","","","","103.10","","","","","","NA"
"2012-03-06 09:00","2012","03","06","09:00"," ","","M","","M","","M","27","","6","","","","103.14","","","","","","NA"
"2012-03-06 10:00","2012","03","06","10:00"," ","","M","","M","","M","21","","9","","","","103.15","","","","","","NA"
"2012-03-06 11:00","2012","03","06","11:00"," ","","M","","M","","M","22","","11","","","","103.15","","","","","","NA"
"2012-03-06 12:00","2012","03","06","12:00"," ","","M","","M","","M","21","","13","","","","103.12","","","","","","NA"
"2012-03-06 13:00","2012","03","06","13:00"," ","","M","","M","","M","22","","9","","","","103.04","","","","","","NA"
"2012-03-06 14:00","2012","03","06","14:00"," ","","M","","M","","M","21","","9","","","","103.01","","","","","","NA"
"2012-03-06 15:00","2012","03","06","15:00"," ","","M","","M","","M","18","","9","","","","103.00","","","","","","NA"
"2012-03-06 16:00","2012","03","06","16:00"," ","","M","","M","","M","20","","9","","","","102.98","","","","","","NA"
"2012-03-06 17:00","2012","03","06","17:00"," ","","M","","M","","M","17","","7","","","","102.93","","","","","","NA"
"2012-03-06 18:00","2012","03","06","18:00"," ","","M","","M","","M","13","","6","","","","102.87","","","","","","NA"
"2012-03-06 19:00","2012","03","06","19:00"," ","","M","","M","","M","10","","7","","","","102.84","","","","","","NA"
"2012-03-06 20:00","2012","03","06","20:00"," ","","M","","M","","M","9","","9","","","","102.76","","","","","","NA"
"2012-03-06 21:00","2012","03","06","21:00"," ","","M","","M","","M","9","","6","","","","102.73","","","","","","NA"
"2012-03-06 22:00","2012","03","06","22:00"," ","","M","","M","","M","7","","6","","","","102.63","","","","","","NA"
"2012-03-06 23:00","2012","03","06","23:00"," ","","M","","M","","M","7","","6","","","","102.57","","","","","","NA"
"2012-03-07 00:00","2012","03","07","00:00"," ","","M","","M","","M","8","","6","","","","102.48","","","","","","NA"
"2012-03-07 01:00","2012","03","07","01:00"," ","","M","","M","","M","3","","7","","","","102.49","","","","","","NA"
"2012-03-07 02:00","2012","03","07","02:00"," ","","M","","M","","M","2","","19","","","","102.43","","","","","","NA"
"2012-03-07 03:00","2012","03","07","03:00"," ","","M","","M","","M","3","","15","","","","102.25","","","","","","NA"
"2012-03-07 04:00","2012","03","07","04:00"," ","","M","","M","","M","2","","17","","","","102.20","","","","","","NA"
"2012-03-07 05:00","2012","03","07","05:00"," ","","M","","M","","M","1","","17","","","","102.17","","","","","","NA"
"2012-03-07 06:00","2012","03","07","06:00"," ","","M","","M","","M","3","","13","","","","102.02","","","","","","NA"
"2012-03-07 07:00","2012","03","07","07:00"," ","","M","","M","","M","2","","11","","","","101.98","","","","","","NA"
"2012-03-07 08:00","2012","03","07","08:00"," ","","M","","M","","M","2","","15","","","","101.94","","","","","","NA"
"2012-03-07 09:00","2012","03","07","09:00"," ","","M","","M","","M","1","","11","","","","101.89","","","","","","NA"
"2012-03-07 10:00","2012","03","07","10:00"," ","","M","","M","","M","36","","7","","","","101.80","","","","","","NA"
"2012-03-07 11:00","2012","03","07","11:00"," ","","M","","M","","M","35","","6","","","","101.69","","","","","","NA"
"2012-03-07 12:00","2012","03","07","12:00"," ","","M","","M","","M","12","","6","","","","101.61","","","","","","NA"
"2012-03-07 13:00","2012","03","07","13:00"," ","","M","","M","","M","17","","11","","","","101.52","","","","","","NA"
"2012-03-07 14:00","2012","03","07","14:00"," ","","M","","M","","M","19","","13","","","","101.44","","","","","","NA"
"2012-03-07 15:00","2012","03","07","15:00"," ","","M","","M","","M","18","","11","","","","101.39","","","","","","NA"
"2012-03-07 16:00","2012","03","07","16:00"," ","","M","","M","","M","20","","11","","","","101.33","","","","","","NA"
"2012-03-07 17:00","2012","03","07","17:00"," ","","M","","M","","M","18","","7","","","","101.28","","","","","","NA"
"2012-03-07 18:00","2012","03","07","18:00"," ","","M","","M","","M","13","","11","","","","101.28","","","","","","NA"
"2012-03-07 19:00","2012","03","07","19:00"," ","","M","","M","","M","14","","15","","","","101.25","","","","","","NA"
"2012-03-07 20:00","2012","03","07","20:00"," ","","M","","M","","M","17","","20","","","","101.22","","","","","","NA"
"2012-03-07 21:00","2012","03","07","21:00"," ","","M","","M","","M","16","","20","","","","101.19","","","","","","NA"
"2012-03-07 22:00","2012","03","07","22:00"," ","","M","","M","","M","14","","13","","","","101.15","","","","","","NA"
"2012-03-07 23:00","2012","03","07","23:00"," ","","M","","M","","M","14","","13","","","","101.08","","","","","","NA"
"2012-03-08 00:00","2012","03","08","00:00"," ","","M","","M","","M","15","","17","","","","101.01","","","","","","NA"
"2012-03-08 01:00","2012","03","08","01:00"," ","","M","","M","","M","14","","15","","","","100.95","","","","","","NA"
"2012-03-08 02:00","2012","03","08","02:00"," ","","M","","M","","M","17","","17","","","","100.84","","","","","","NA"
"2012-03-08 03:00","2012","03","08","03:00"," ","","M","","M","","M","19","","24","","","","100.72","","","","","","NA"
"2012-03-08 04:00","2012","03","08","04:00"," ","","M","","M","","M","18","","22","","","","100.67","","","","","","NA"
"2012-03-08 05:00","2012","03","08","05:00"," ","","M","","M","","M","15","","19","","","","100.60","","","","","","NA"
"2012-03-08 06:00","2012","03","08","06:00"," ","","M","","M","","M","16","","22","","","","100.56","","","","","","NA"
"2012-03-08 07:00","2012","03","08","07:00"," ","","M","","M","","M","18","","24","","","","100.50","","","","","","NA"
"2012-03-08 08:00","2012","03","08","08:00"," ","","M","","M","","M","15","","17","","","","100.42","","","","","","NA"
"2012-03-08 09:00","2012","03","08","09:00"," ","","M","","M","","M","18","","24","","","","100.32","","","","","","NA"
"2012-03-08 10:00","2012","03","08","10:00"," ","","M","","M","","M","19","","26","","","","100.23","","","","","","NA"
"2012-03-08 11:00","2012","03","08","11:00"," ","","M","","M","","M","19","","24","","","","100.16","","","","","","NA"
"2012-03-08 12:00","2012","03","08","12:00"," ","","M","","M","","M","21","","22","","","","100.11","","","","","","NA"
"2012-03-08 13:00","2012","03","08","13:00"," ","","M","","M","","M","21","","24","","","","100.01","","","","","","NA"
"2012-03-08 14:00","2012","03","08","14:00"," ","","M","","M","","M","22","","19","","","","99.92","","","","","","NA"
"2012-03-08 15:00","2012","03","08","15:00"," ","","M","","M","","M","23","","26","","","","99.84","","","","","","NA"
"2012-03-08 16:00","2012","03","08","16:00"," ","","M","","M","","M","22","","22","","","","99.77","","","","","","NA"
"2012-03-08 17:00","2012","03","08","17:00"," ","","M","","M","","M","23","","30","","","","99.68","","","","","","NA"
"2012-03-08 18:00","2012","03","08","18:00"," ","","M","","M","","M","26","","35","","","","99.65","","","","","","NA"
"2012-03-08 19:00","2012","03","08","19:00"," ","","M","","M","","M","27","","32","","","","99.80","","","","","","NA"
"2012-03-08 20:00","2012","03","08","20:00"," ","","M","","M","","M","25","","32","","","","99.91","","","","","","NA"
"2012-03-08 21:00","2012","03","08","21:00"," ","","M","","M","","M","24","","32","","","","100.06","","","","","","NA"
"2012-03-08 22:00","2012","03","08","22:00"," ","","M","","M","","M","26","","39","","","","100.13","","","","","","NA"
"2012-03-08 23:00","2012","03","08","23:00"," ","","M","","M","","M","26","","33","","","","100.27","","","","","","NA"
"2012-03-09 00:00","2012","03","09","00:00"," ","","M","","M","","M","27","","26","","","","100.34","","","","","","NA"
"2012-03-09 01:00","2012","03","09","01:00"," ","","M","","M","","M","27","","24","","","","100.42","","","","","","NA"
"2012-03-09 02:00","2012","03","09","02:00"," ","","M","","M","","M","30","","30","","","","100.61","","","","","","NA"
"2012-03-09 03:00","2012","03","09","03:00"," ","","M","","M","","M","31","","28","","","","100.84","","","","","","NA"
"2012-03-09 04:00","2012","03","09","04:00"," ","","M","","M","","M","29","","17","","","","100.99","","","","","","NA"
"2012-03-09 05:00","2012","03","09","05:00"," ","","M","","M","","M","30","","24","","","","101.16","","","","","","NA"
"2012-03-09 06:00","2012","03","09","06:00"," ","","M","","M","","M","30","","13","","","","101.28","","","","","","NA"
"2012-03-09 07:00","2012","03","09","07:00"," ","","M","","M","","M","27","","17","","","","101.34","","","","","","NA"
"2012-03-09 08:00","2012","03","09","08:00"," ","","M","","M","","M","27","","19","","","","101.44","","","","","","NA"
"2012-03-09 09:00","2012","03","09","09:00"," ","","M","","M","","M","28","","19","","","","101.49","","","","","","NA"
"2012-03-09 10:00","2012","03","09","10:00"," ","","M","","M","","M","27","","17","","","","101.51","","","","","","NA"
"2012-03-09 11:00","2012","03","09","11:00"," ","","M","","M","","M","26","","13","","","","101.49","","","","","","NA"
"2012-03-09 12:00","2012","03","09","12:00"," ","","M","","M","","M","22","","11","","","","101.46","","","","","","NA"
"2012-03-09 13:00","2012","03","09","13:00"," ","","M","","M","","M","25","","11","","","","101.45","","","","","","NA"
"2012-03-09 14:00","2012","03","09","14:00"," ","","M","","M","","M","28","","19","","","","101.45","","","","","","NA"
"2012-03-09 15:00","2012","03","09","15:00"," ","","M","","M","","M","28","","17","","","","101.48","","","","","","NA"
"2012-03-09 16:00","2012","03","09","16:00"," ","","M","","M","","M","28","","11","","","","101.47","","","","","","NA"
"2012-03-09 17:00","2012","03","09","17:00"," ","","M","","M","","M","27","","9","","","","101.50","","","","","","NA"
"2012-03-09 18:00","2012","03","09","18:00"," ","","M","","M","","M","29","","6","","","","101.55","","","","","","NA"
"2012-03-09 19:00","2012","03","09","19:00"," ","","M","","M","","M","30","","4","","","","101.59","","","","","","NA"
"2012-03-09 20:00","2012","03","09","20:00"," ","","M","","M","","M","36","","4","","","","101.64","","","","","","NA"
"2012-03-09 21:00","2012","03","09","21:00"," ","","M","","M","","M","2","","6","","","","101.66","","","","","","NA"
"2012-03-09 22:00","2012","03","09","22:00"," ","","M","","M","","M","3","","7","","","","101.66","","","","","","NA"
"2012-03-09 23:00","2012","03","09","23:00"," ","","M","","M","","M","1","","7","","","","101.72","","","","","","NA"
"2012-03-10 00:00","2012","03","10","00:00"," ","","M","","M","","M","2","","6","","","","101.80","","","","","","NA"
"2012-03-10 01:00","2012","03","10","01:00"," ","","M","","M","","M","1","","13","","","","101.93","","","","","","NA"
"2012-03-10 02:00","2012","03","10","02:00"," ","","M","","M","","M","2","","19","","","","102.04","","","","","","NA"
"2012-03-10 03:00","2012","03","10","03:00"," ","","M","","M","","M","2","","22","","","","102.14","","","","","","NA"
"2012-03-10 04:00","2012","03","10","04:00"," ","","M","","M","","M","1","","28","","","","102.30","","","","","","NA"
"2012-03-10 05:00","2012","03","10","05:00"," ","","M","","M","","M","2","","26","","","","102.46","","","","","","NA"
"2012-03-10 06:00","2012","03","10","06:00"," ","","M","","M","","M","2","","20","","","","102.64","","","","","","NA"
"2012-03-10 07:00","2012","03","10","07:00"," ","","M","","M","","M","2","","19","","","","102.75","","","","","","NA"
"2012-03-10 08:00","2012","03","10","08:00"," ","","M","","M","","M","3","","15","","","","102.88","","","","","","NA"
"2012-03-10 09:00","2012","03","10","09:00"," ","","M","","M","","M","2","","13","","","","102.98","","","","","","NA"
"2012-03-10 10:00","2012","03","10","10:00"," ","","M","","M","","M","2","","6","","","","103.03","","","","","","NA"
"2012-03-10 11:00","2012","03","10","11:00"," ","","M","","M","","M","20","","4","","","","103.05","","","","","","NA"
"2012-03-10 12:00","2012","03","10","12:00"," ","","M","","M","","M","20","","9","","","","103.01","","","","","","NA"
"2012-03-10 13:00","2012","03","10","13:00"," ","","M","","M","","M","21","","7","","","","102.92","","","","","","NA"
"2012-03-10 14:00","2012","03","10","14:00"," ","","M","","M","","M","20","","17","","","","102.87","","","","","","NA"
"2012-03-10 15:00","2012","03","10","15:00"," ","","M","","M","","M","18","","15","","","","102.77","","","","","","NA"
"2012-03-10 16:00","2012","03","10","16:00"," ","","M","","M","","M","22","","13","","","","102.74","","","","","","NA"
"2012-03-10 17:00","2012","03","10","17:00"," ","","M","","M","","M","23","","13","","","","102.71","","","","","","NA"
"2012-03-10 18:00","2012","03","10","18:00"," ","","M","","M","","M","22","","7","","","","102.69","","","","","","NA"
"2012-03-10 19:00","2012","03","10","19:00"," ","","M","","M","","M","23","","7","","","","102.69","","","","","","NA"
"2012-03-10 20:00","2012","03","10","20:00"," ","","M","","M","","M","15","","11","","","","102.63","","","","","","NA"
"2012-03-10 21:00","2012","03","10","21:00"," ","","M","","M","","M","15","","11","","","","102.57","","","","","","NA"
"2012-03-10 22:00","2012","03","10","22:00"," ","","M","","M","","M","15","","11","","","","102.53","","","","","","NA"
"2012-03-10 23:00","2012","03","10","23:00"," ","","M","","M","","M","17","","7","","","","102.48","","","","","","NA"
"2012-03-11 00:00","2012","03","11","00:00"," ","","M","","M","","M","13","","7","","","","102.38","","","","","","NA"
"2012-03-11 01:00","2012","03","11","01:00"," ","","M","","M","","M","12","","9","","","","102.31","","","","","","NA"
"2012-03-11 02:00","2012","03","11","02:00"," ","","M","","M","","M","13","","11","","","","102.20","","","","","","NA"
"2012-03-11 03:00","2012","03","11","03:00"," ","","M","","M","","M","14","","19","","","","102.09","","","","","","NA"
"2012-03-11 04:00","2012","03","11","04:00"," ","","M","","M","","M","14","","13","","","","102.06","","","","","","NA"
"2012-03-11 05:00","2012","03","11","05:00"," ","","M","","M","","M","15","","9","","","","102.01","","","","","","NA"
"2012-03-11 06:00","2012","03","11","06:00"," ","","M","","M","","M","13","","7","","","","102.02","","","","","","NA"
"2012-03-11 07:00","2012","03","11","07:00"," ","","M","","M","","M","14","","9","","","","102.00","","","","","","NA"
"2012-03-11 08:00","2012","03","11","08:00"," ","","M","","M","","M","14","","9","","","","102.03","","","","","","NA"
"2012-03-11 09:00","2012","03","11","09:00"," ","","M","","M","","M","21","","6","","","","102.01","","","","","","NA"
"2012-03-11 10:00","2012","03","11","10:00"," ","","M","","M","","M","22","","9","","","","102.00","","","","","","NA"
"2012-03-11 11:00","2012","03","11","11:00"," ","","M","","M","","M","20","","7","","","","101.94","","","","","","NA"
"2012-03-11 12:00","2012","03","11","12:00"," ","","M","","M","","M","21","","15","","","","101.88","","","","","","NA"
"2012-03-11 13:00","2012","03","11","13:00"," ","","M","","M","","M","22","","17","","","","101.82","","","","","","NA"
"2012-03-11 14:00","2012","03","11","14:00"," ","","M","","M","","M","23","","17","","","","101.77","","","","","","NA"
"2012-03-11 15:00","2012","03","11","15:00"," ","","M","","M","","M","24","","15","","","","101.72","","","","","","NA"
"2012-03-11 16:00","2012","03","11","16:00"," ","","M","","M","","M","23","","11","","","","101.68","","","","","","NA"
"2012-03-11 17:00","2012","03","11","17:00"," ","","M","","M","","M","24","","9","","","","101.67","","","","","","NA"
"2012-03-11 18:00","2012","03","11","18:00"," ","","M","","M","","M","23","","7","","","","101.71","","","","","","NA"
"2012-03-11 19:00","2012","03","11","19:00"," ","","M","","M","","M","23","","7","","","","101.72","","","","","","NA"
"2012-03-11 20:00","2012","03","11","20:00"," ","","M","","M","","M","22","","6","","","","101.73","","","","","","NA"
"2012-03-11 21:00","2012","03","11","21:00"," ","","M","","M","","M","21","","7","","","","101.75","","","","","","NA"
"2012-03-11 22:00","2012","03","11","22:00"," ","","M","","M","","M","22","","6","","","","101.74","","","","","","NA"
"2012-03-11 23:00","2012","03","11","23:00"," ","","M","","M","","M","26","","7","","","","101.77","","","","","","NA"
"2012-03-12 00:00","2012","03","12","00:00"," ","","M","","M","","M","26","","17","","","","101.79","","","","","","NA"
"2012-03-12 01:00","2012","03","12","01:00"," ","","M","","M","","M","25","","11","","","","101.80","","","","","","NA"
"2012-03-12 02:00","2012","03","12","02:00"," ","","M","","M","","M","24","","7","","","","101.80","","","","","","NA"
"2012-03-12 03:00","2012","03","12","03:00"," ","","M","","M","","M","21","","4","","","","101.82","","","","","","NA"
"2012-03-12 04:00","2012","03","12","04:00"," ","","M","","M","","M","22","","4","","","","101.83","","","","","","NA"
"2012-03-12 05:00","2012","03","12","05:00"," ","","M","","M","","M","23","","6","","","","101.85","","","","","","NA"
"2012-03-12 06:00","2012","03","12","06:00"," ","","M","","M","","M","24","","9","","","","101.92","","","","","","NA"
"2012-03-12 07:00","2012","03","12","07:00"," ","","M","","M","","M","23","","4","","","","102.01","","","","","","NA"
"2012-03-12 08:00","2012","03","12","08:00"," ","","M","","M","","M","28","","2","","","","102.05","","","","","","NA"
"2012-03-12 09:00","2012","03","12","09:00"," ","","M","","M","","M","35","","4","","","","102.06","","","","","","NA"
"2012-03-12 10:00","2012","03","12","10:00"," ","","M","","M","","M","2","","9","","","","102.02","","","","","","NA"
"2012-03-12 11:00","2012","03","12","11:00"," ","","M","","M","","M","5","","6","","","","102.02","","","","","","NA"
"2012-03-12 12:00","2012","03","12","12:00"," ","","M","","M","","M","10","","9","","","","101.97","","","","","","NA"
"2012-03-12 13:00","2012","03","12","13:00"," ","","M","","M","","M","10","","9","","","","101.86","","","","","","NA"
"2012-03-12 14:00","2012","03","12","14:00"," ","","M","","M","","M","12","","9","","","","101.81","","","","","","NA"
"2012-03-12 15:00","2012","03","12","15:00"," ","","M","","M","","M","16","","4","","","","101.73","","","","","","NA"
"2012-03-12 16:00","2012","03","12","16:00"," ","","M","","M","","M","15","","6","","","","101.67","","","","","","NA"
"2012-03-12 17:00","2012","03","12","17:00"," ","","M","","M","","M","7","","6","","","","101.59","","","","","","NA"
"2012-03-12 18:00","2012","03","12","18:00"," ","","M","","M","","M","3","","9","","","","101.56","","","","","","NA"
"2012-03-12 19:00","2012","03","12","19:00"," ","","M","","M","","M","3","","9","","","","101.53","","","","","","NA"
"2012-03-12 20:00","2012","03","12","20:00"," ","","M","","M","","M","4","","13","","","","101.47","","","","","","NA"
"2012-03-12 21:00","2012","03","12","21:00"," ","","M","","M","","M","3","","11","","","","101.42","","","","","","NA"
"2012-03-12 22:00","2012","03","12","22:00"," ","","M","","M","","M","3","","11","","","","101.38","","","","","","NA"
"2012-03-12 23:00","2012","03","12","23:00"," ","","M","","M","","M","3","","11","","","","101.25","","","","","","NA"
"2012-03-13 00:00","2012","03","13","00:00"," ","","M","","M","","M","4","","15","","","","101.15","","","","","","NA"
"2012-03-13 01:00","2012","03","13","01:00"," ","","M","","M","","M","1","","11","","","","101.10","","","","","","NA"
"2012-03-13 02:00","2012","03","13","02:00"," ","","M","","M","","M","2","","6","","","","101.08","","","","","","NA"
"2012-03-13 03:00","2012","03","13","03:00"," ","","M","","M","","M","2","","13","","","","100.90","","","","","","NA"
"2012-03-13 04:00","2012","03","13","04:00"," ","","M","","M","","M","8","","6","","","","100.77","","","","","","NA"
"2012-03-13 05:00","2012","03","13","05:00"," ","","M","","M","","M","36","","7","","","","100.73","","","","","","NA"
"2012-03-13 06:00","2012","03","13","06:00"," ","","M","","M","","M","10","","9","","","","100.63","","","","","","NA"
"2012-03-13 07:00","2012","03","13","07:00"," ","","M","","M","","M","2","","11","","","","100.64","","","","","","NA"
"2012-03-13 08:00","2012","03","13","08:00"," ","","M","","M","","M","5","","6","","","","100.52","","","","","","NA"
"2012-03-13 09:00","2012","03","13","09:00"," ","","M","","M","","M","32","","13","","","","100.53","","","","","","NA"
"2012-03-13 10:00","2012","03","13","10:00"," ","","M","","M","","M","1","","13","","","","100.57","","","","","","NA"
"2012-03-13 11:00","2012","03","13","11:00"," ","","M","","M","","M","1","","9","","","","100.59","","","","","","NA"
"2012-03-13 12:00","2012","03","13","12:00"," ","","M","","M","","M","1","","9","","","","100.67","","","","","","NA"
"2012-03-13 13:00","2012","03","13","13:00"," ","","M","","M","","M","2","","9","","","","100.65","","","","","","NA"
"2012-03-13 14:00","2012","03","13","14:00"," ","","M","","M","","M","1","","9","","","","100.64","","","","","","NA"
"2012-03-13 15:00","2012","03","13","15:00"," ","","M","","M","","M","2","","15","","","","100.65","","","","","","NA"
"2012-03-13 16:00","2012","03","13","16:00"," ","","M","","M","","M","4","","9","","","","100.69","","","","","","NA"
"2012-03-13 17:00","2012","03","13","17:00"," ","","M","","M","","M","4","","13","","","","100.71","","","","","","NA"
"2012-03-13 18:00","2012","03","13","18:00"," ","","M","","M","","M","4","","11","","","","100.76","","","","","","NA"
"2012-03-13 19:00","2012","03","13","19:00"," ","","M","","M","","M","3","","13","","","","100.81","","","","","","NA"
"2012-03-13 20:00","2012","03","13","20:00"," ","","M","","M","","M","4","","13","","","","100.79","","","","","","NA"
"2012-03-13 21:00","2012","03","13","21:00"," ","","M","","M","","M","1","","22","","","","100.89","","","","","","NA"
"2012-03-13 22:00","2012","03","13","22:00"," ","","M","","M","","M","3","","7","","","","100.95","","","","","","NA"
"2012-03-13 23:00","2012","03","13","23:00"," ","","M","","M","","M","2","","7","","","","101.01","","","","","","NA"
"2012-03-14 00:00","2012","03","14","00:00"," ","","M","","M","","M","1","","9","","","","101.04","","","","","","NA"
"2012-03-14 01:00","2012","03","14","01:00"," ","","M","","M","","M","1","","7","","","","101.09","","","","","","NA"
"2012-03-14 02:00","2012","03","14","02:00"," ","","M","","M","","M","1","","7","","","","101.07","","","","","","NA"
"2012-03-14 03:00","2012","03","14","03:00"," ","","M","","M","","M","1","","6","","","","101.08","","","","","","NA"
"2012-03-14 04:00","2012","03","14","04:00"," ","","M","","M","","M","3","","6","","","","101.16","","","","","","NA"
"2012-03-14 05:00","2012","03","14","05:00"," ","","M","","M","","M","34","","7","","","","101.25","","","","","","NA"
"2012-03-14 06:00","2012","03","14","06:00"," ","","M","","M","","M","36","","6","","","","101.30","","","","","","NA"
"2012-03-14 07:00","2012","03","14","07:00"," ","","M","","M","","M","1","","7","","","","101.39","","","","","","NA"
"2012-03-14 08:00","2012","03","14","08:00"," ","","M","","M","","M","36","","6","","","","101.48","","","","","","NA"
"2012-03-14 09:00","2012","03","14","09:00"," ","","M","","M","","M","1","","7","","","","101.53","","","","","","NA"
"2012-03-14 10:00","2012","03","14","10:00"," ","","M","","M","","M","2","","7","","","","101.59","","","","","","NA"
"2012-03-14 11:00","2012","03","14","11:00"," ","","M","","M","","M","2","","6","","","","101.62","","","","","","NA"
"2012-03-14 12:00","2012","03","14","12:00"," ","","M","","M","","M","","","0","","","","101.66","","","","","","NA"
"2012-03-14 13:00","2012","03","14","13:00"," ","","M","","M","","M","9","","4","","","","101.69","","","","","","NA"
"2012-03-14 14:00","2012","03","14","14:00"," ","","M","","M","","M","2","","9","","","","101.73","","","","","","NA"
"2012-03-14 15:00","2012","03","14","15:00"," ","","M","","M","","M","2","","15","","","","101.79","","","","","","NA"
"2012-03-14 16:00","2012","03","14","16:00"," ","","M","","M","","M","2","","13","","","","101.85","","","","","","NA"
"2012-03-14 17:00","2012","03","14","17:00"," ","","M","","M","","M","2","","15","","","","101.92","","","","","","NA"
"2012-03-14 18:00","2012","03","14","18:00"," ","","M","","M","","M","2","","15","","","","102.02","","","","","","NA"
"2012-03-14 19:00","2012","03","14","19:00"," ","","M","","M","","M","2","","15","","","","102.09","","","","","","NA"
"2012-03-14 20:00","2012","03","14","20:00"," ","","M","","M","","M","2","","13","","","","102.15","","","","","","NA"
"2012-03-14 21:00","2012","03","14","21:00"," ","","M","","M","","M","2","","13","","","","102.19","","","","","","NA"
"2012-03-14 22:00","2012","03","14","22:00"," ","","M","","M","","M","3","","17","","","","102.20","","","","","","NA"
"2012-03-14 23:00","2012","03","14","23:00"," ","","M","","M","","M","2","","15","","","","102.26","","","","","","NA"
"2012-03-15 00:00","2012","03","15","00:00"," ","","M","","M","","M","4","","13","","","","102.26","","","","","","NA"
"2012-03-15 01:00","2012","03","15","01:00"," ","","M","","M","","M","2","","13","","","","102.29","","","","","","NA"
"2012-03-15 02:00","2012","03","15","02:00"," ","","M","","M","","M","2","","9","","","","102.31","","","","","","NA"
"2012-03-15 03:00","2012","03","15","03:00"," ","","M","","M","","M","4","","11","","","","102.28","","","","","","NA"
"2012-03-15 04:00","2012","03","15","04:00"," ","","M","","M","","M","4","","11","","","","102.27","","","","","","NA"
"2012-03-15 05:00","2012","03","15","05:00"," ","","M","","M","","M","5","","11","","","","102.36","","","","","","NA"
"2012-03-15 06:00","2012","03","15","06:00"," ","","M","","M","","M","4","","13","","","","102.39","","","","","","NA"
"2012-03-15 07:00","2012","03","15","07:00"," ","","M","","M","","M","5","","15","","","","102.42","","","","","","NA"
"2012-03-15 08:00","2012","03","15","08:00"," ","","M","","M","","M","4","","15","","","","102.44","","","","","","NA"
"2012-03-15 09:00","2012","03","15","09:00"," ","","M","","M","","M","4","","17","","","","102.41","","","","","","NA"
"2012-03-15 10:00","2012","03","15","10:00"," ","","M","","M","","M","3","","20","","","","102.34","","","","","","NA"
"2012-03-15 11:00","2012","03","15","11:00"," ","","M","","M","","M","4","","20","","","","102.25","","","","","","NA"
"2012-03-15 12:00","2012","03","15","12:00"," ","","M","","M","","M","4","","19","","","","102.21","","","","","","NA"
"2012-03-15 13:00","2012","03","15","13:00"," ","","M","","M","","M","4","","17","","","","102.14","","","","","","NA"
"2012-03-15 14:00","2012","03","15","14:00"," ","","M","","M","","M","4","","24","","","","102.06","","","","","","NA"
"2012-03-15 15:00","2012","03","15","15:00"," ","","M","","M","","M","4","","20","","","","102.02","","","","","","NA"
"2012-03-15 16:00","2012","03","15","16:00"," ","","M","","M","","M","4","","20","","","","102.02","","","","","","NA"
"2012-03-15 17:00","2012","03","15","17:00"," ","","M","","M","","M","4","","20","","","","101.99","","","","","","NA"
"2012-03-15 18:00","2012","03","15","18:00"," ","","M","","M","","M","4","","20","","","","102.00","","","","","","NA"
"2012-03-15 19:00","2012","03","15","19:00"," ","","M","","M","","M","4","","22","","","","101.90","","","","","","NA"
"2012-03-15 20:00","2012","03","15","20:00"," ","","M","","M","","M","3","","22","","","","101.88","","","","","","NA"
"2012-03-15 21:00","2012","03","15","21:00"," ","","M","","M","","M","4","","20","","","","101.82","","","","","","NA"
"2012-03-15 22:00","2012","03","15","22:00"," ","","M","","M","","M","3","","17","","","","101.80","","","","","","NA"
"2012-03-15 23:00","2012","03","15","23:00"," ","","M","","M","","M","3","","20","","","","101.73","","","","","","NA"
"2012-03-16 00:00","2012","03","16","00:00"," ","","M","","M","","M","2","","17","","","","101.69","","","","","","NA"
"2012-03-16 01:00","2012","03","16","01:00"," ","","M","","M","","M","4","","15","","","","101.56","","","","","","NA"
"2012-03-16 02:00","2012","03","16","02:00"," ","","M","","M","","M","2","","19","","","","101.58","","","","","","NA"
"2012-03-16 03:00","2012","03","16","03:00"," ","","M","","M","","M","3","","17","","","","101.45","","","","","","NA"
"2012-03-16 04:00","2012","03","16","04:00"," ","","M","","M","","M","2","","17","","","","101.41","","","","","","NA"
"2012-03-16 05:00","2012","03","16","05:00"," ","","M","","M","","M","2","","20","","","","101.38","","","","","","NA"
"2012-03-16 06:00","2012","03","16","06:00"," ","","M","","M","","M","2","","22","","","","101.41","","","","","","NA"
"2012-03-16 07:00","2012","03","16","07:00"," ","","M","","M","","M","2","","19","","","","101.39","","","","","","NA"
"2012-03-16 08:00","2012","03","16","08:00"," ","","M","","M","","M","1","","15","","","","101.40","","","","","","NA"
"2012-03-16 09:00","2012","03","16","09:00"," ","","M","","M","","M","1","","17","","","","101.44","","","","","","NA"
"2012-03-16 10:00","2012","03","16","10:00"," ","","M","","M","","M","4","","13","","","","101.42","","","","","","NA"
"2012-03-16 11:00","2012","03","16","11:00"," ","","M","","M","","M","1","","15","","","","101.42","","","","","","NA"
"2012-03-16 12:00","2012","03","16","12:00"," ","","M","","M","","M","35","","7","","","","101.43","","","","","","NA"
"2012-03-16 13:00","2012","03","16","13:00"," ","","M","","M","","M","31","","6","","","","101.40","","","","","","NA"
"2012-03-16 14:00","2012","03","16","14:00"," ","","M","","M","","M","35","","9","","","","101.43","","","","","","NA"
"2012-03-16 15:00","2012","03","16","15:00"," ","","M","","M","","M","34","","9","","","","101.50","","","","","","NA"
"2012-03-16 16:00","2012","03","16","16:00"," ","","M","","M","","M","29","","4","","","","101.54","","","","","","NA"
"2012-03-16 17:00","2012","03","16","17:00"," ","","M","","M","","M","25","","7","","","","101.63","","","","","","NA"
"2012-03-16 18:00","2012","03","16","18:00"," ","","M","","M","","M","21","","4","","","","101.72","","","","","","NA"
"2012-03-16 19:00","2012","03","16","19:00"," ","","M","","M","","M","","","0","","","","101.80","","","","","","NA"
"2012-03-16 20:00","2012","03","16","20:00"," ","","M","","M","","M","","","0","","","","101.95","","","","","","NA"
"2012-03-16 21:00","2012","03","16","21:00"," ","","M","","M","","M","11","","7","","","","101.95","","","","","","NA"
"2012-03-16 22:00","2012","03","16","22:00"," ","","M","","M","","M","32","","2","","","","102.06","","","","","","NA"
"2012-03-16 23:00","2012","03","16","23:00"," ","","M","","M","","M","32","","4","","","","102.09","","","","","","NA"
"2012-03-17 00:00","2012","03","17","00:00"," ","","M","","M","","M","27","","4","","","","102.07","","","","","","NA"
"2012-03-17 01:00","2012","03","17","01:00"," ","","M","","M","","M","25","","2","","","","102.07","","","","","","NA"
"2012-03-17 02:00","2012","03","17","02:00"," ","","M","","M","","M","26","","4","","","","102.11","","","","","","NA"
"2012-03-17 03:00","2012","03","17","03:00"," ","","M","","M","","M","2","","6","","","","102.13","","","","","","NA"
"2012-03-17 04:00","2012","03","17","04:00"," ","","M","","M","","M","","","0","","","","102.18","","","","","","NA"
"2012-03-17 05:00","2012","03","17","05:00"," ","","M","","M","","M","","","0","","","","102.22","","","","","","NA"
"2012-03-17 06:00","2012","03","17","06:00"," ","","M","","M","","M","30","","2","","","","102.28","","","","","","NA"
"2012-03-17 07:00","2012","03","17","07:00"," ","","M","","M","","M","26","","4","","","","102.36","","","","","","NA"
"2012-03-17 08:00","2012","03","17","08:00"," ","","M","","M","","M","","","0","","","","102.41","","","","","","NA"
"2012-03-17 09:00","2012","03","17","09:00"," ","","M","","M","","M","17","","6","","","","102.39","","","","","","NA"
"2012-03-17 10:00","2012","03","17","10:00"," ","","M","","M","","M","16","","4","","","","102.39","","","","","","NA"
"2012-03-17 11:00","2012","03","17","11:00"," ","","M","","M","","M","11","","2","","","","102.36","","","","","","NA"
"2012-03-17 12:00","2012","03","17","12:00"," ","","M","","M","","M","14","","4","","","","102.33","","","","","","NA"
"2012-03-17 13:00","2012","03","17","13:00"," ","","M","","M","","M","13","","7","","","","102.20","","","","","","NA"
"2012-03-17 14:00","2012","03","17","14:00"," ","","M","","M","","M","8","","6","","","","102.14","","","","","","NA"
"2012-03-17 15:00","2012","03","17","15:00"," ","","M","","M","","M","10","","6","","","","102.09","","","","","","NA"
"2012-03-17 16:00","2012","03","17","16:00"," ","","M","","M","","M","11","","7","","","","102.04","","","","","","NA"
"2012-03-17 17:00","2012","03","17","17:00"," ","","M","","M","","M","13","","9","","","","101.99","","","","","","NA"
"2012-03-17 18:00","2012","03","17","18:00"," ","","M","","M","","M","15","","6","","","","101.97","","","","","","NA"
"2012-03-17 19:00","2012","03","17","19:00"," ","","M","","M","","M","9","","6","","","","101.95","","","","","","NA"
"2012-03-17 20:00","2012","03","17","20:00"," ","","M","","M","","M","3","","4","","","","101.95","","","","","","NA"
"2012-03-17 21:00","2012","03","17","21:00"," ","","M","","M","","M","11","","7","","","","101.82","","","","","","NA"
"2012-03-17 22:00","2012","03","17","22:00"," ","","M","","M","","M","10","","4","","","","101.79","","","","","","NA"
"2012-03-17 23:00","2012","03","17","23:00"," ","","M","","M","","M","1","","4","","","","101.79","","","","","","NA"
"2012-03-18 00:00","2012","03","18","00:00"," ","","M","","M","","M","32","","4","","","","101.77","","","","","","NA"
"2012-03-18 01:00","2012","03","18","01:00"," ","","M","","M","","M","","","0","","","","101.76","","","","","","NA"
"2012-03-18 02:00","2012","03","18","02:00"," ","","M","","M","","M","18","","6","","","","101.72","","","","","","NA"
"2012-03-18 03:00","2012","03","18","03:00"," ","","M","","M","","M","17","","7","","","","101.68","","","","","","NA"
"2012-03-18 04:00","2012","03","18","04:00"," ","","M","","M","","M","16","","6","","","","101.71","","","","","","NA"
"2012-03-18 05:00","2012","03","18","05:00"," ","","M","","M","","M","19","","6","","","","101.72","","","","","","NA"
"2012-03-18 06:00","2012","03","18","06:00"," ","","M","","M","","M","14","","9","","","","101.74","","","","","","NA"
"2012-03-18 07:00","2012","03","18","07:00"," ","","M","","M","","M","17","","6","","","","101.79","","","","","","NA"
"2012-03-18 08:00","2012","03","18","08:00"," ","","M","","M","","M","18","","9","","","","101.82","","","","","","NA"
"2012-03-18 09:00","2012","03","18","09:00"," ","","M","","M","","M","19","","11","","","","101.83","","","","","","NA"
"2012-03-18 10:00","2012","03","18","10:00"," ","","M","","M","","M","20","","13","","","","101.79","","","","","","NA"
"2012-03-18 11:00","2012","03","18","11:00"," ","","M","","M","","M","20","","13","","","","101.73","","","","","","NA"
"2012-03-18 12:00","2012","03","18","12:00"," ","","M","","M","","M","20","","11","","","","101.64","","","","","","NA"
"2012-03-18 13:00","2012","03","18","13:00"," ","","M","","M","","M","21","","11","","","","101.57","","","","","","NA"
"2012-03-18 14:00","2012","03","18","14:00"," ","","M","","M","","M","21","","13","","","","101.46","","","","","","NA"
"2012-03-18 15:00","2012","03","18","15:00"," ","","M","","M","","M","21","","11","","","","101.41","","","","","","NA"
"2012-03-18 16:00","2012","03","18","16:00"," ","","M","","M","","M","22","","9","","","","101.38","","","","","","NA"
"2012-03-18 17:00","2012","03","18","17:00"," ","","M","","M","","M","25","","6","","","","101.34","","","","","","NA"
"2012-03-18 18:00","2012","03","18","18:00"," ","","M","","M","","M","34","","11","","","","101.34","","","","","","NA"
"2012-03-18 19:00","2012","03","18","19:00"," ","","M","","M","","M","16","","2","","","","101.33","","","","","","NA"
"2012-03-18 20:00","2012","03","18","20:00"," ","","M","","M","","M","25","","4","","","","101.37","","","","","","NA"
"2012-03-18 21:00","2012","03","18","21:00"," ","","M","","M","","M","17","","7","","","","101.40","","","","","","NA"
"2012-03-18 22:00","2012","03","18","22:00"," ","","M","","M","","M","18","","7","","","","101.41","","","","","","NA"
"2012-03-18 23:00","2012","03","18","23:00"," ","","M","","M","","M","","","0","","","","101.39","","","","","","NA"
"2012-03-19 00:00","2012","03","19","00:00"," ","","M","","M","","M","25","","6","","","","101.39","","","","","","NA"
"2012-03-19 01:00","2012","03","19","01:00"," ","","M","","M","","M","16","","7","","","","101.42","","","","","","NA"
"2012-03-19 02:00","2012","03","19","02:00"," ","","M","","M","","M","21","","2","","","","101.44","","","","","","NA"
"2012-03-19 03:00","2012","03","19","03:00"," ","","M","","M","","M","21","","6","","","","101.45","","","","","","NA"
"2012-03-19 04:00","2012","03","19","04:00"," ","","M","","M","","M","22","","4","","","","101.52","","","","","","NA"
"2012-03-19 05:00","2012","03","19","05:00"," ","","M","","M","","M","21","","6","","","","101.53","","","","","","NA"
"2012-03-19 06:00","2012","03","19","06:00"," ","","M","","M","","M","1","","6","","","","101.59","","","","","","NA"
"2012-03-19 07:00","2012","03","19","07:00"," ","","M","","M","","M","1","","2","","","","101.61","","","","","","NA"
"2012-03-19 08:00","2012","03","19","08:00"," ","","M","","M","","M","36","","9","","","","101.69","","","","","","NA"
"2012-03-19 09:00","2012","03","19","09:00"," ","","M","","M","","M","35","","6","","","","101.74","","","","","","NA"
"2012-03-19 10:00","2012","03","19","10:00"," ","","M","","M","","M","32","","4","","","","101.77","","","","","","NA"
"2012-03-19 11:00","2012","03","19","11:00"," ","","M","","M","","M","3","","4","","","","101.78","","","","","","NA"
"2012-03-19 12:00","2012","03","19","12:00"," ","","M","","M","","M","4","","4","","","","101.77","","","","","","NA"
"2012-03-19 13:00","2012","03","19","13:00"," ","","M","","M","","M","2","","19","","","","101.74","","","","","","NA"
"2012-03-19 14:00","2012","03","19","14:00"," ","","M","","M","","M","3","","17","","","","101.74","","","","","","NA"
"2012-03-19 15:00","2012","03","19","15:00"," ","","M","","M","","M","2","","19","","","","101.73","","","","","","NA"
"2012-03-19 16:00","2012","03","19","16:00"," ","","M","","M","","M","2","","15","","","","101.69","","","","","","NA"
"2012-03-19 17:00","2012","03","19","17:00"," ","","M","","M","","M","1","","15","","","","101.68","","","","","","NA"
"2012-03-19 18:00","2012","03","19","18:00"," ","","M","","M","","M","2","","15","","","","101.70","","","","","","NA"
"2012-03-19 19:00","2012","03","19","19:00"," ","","M","","M","","M","2","","15","","","","101.75","","","","","","NA"
"2012-03-19 20:00","2012","03","19","20:00"," ","","M","","M","","M","2","","15","","","","101.83","","","","","","NA"
"2012-03-19 21:00","2012","03","19","21:00"," ","","M","","M","","M","2","","13","","","","101.83","","","","","","NA"
"2012-03-19 22:00","2012","03","19","22:00"," ","","M","","M","","M","2","","17","","","","101.86","","","","","","NA"
"2012-03-19 23:00","2012","03","19","23:00"," ","","M","","M","","M","1","","9","","","","101.89","","","","","","NA"
"2012-03-20 00:00","2012","03","20","00:00"," ","","M","","M","","M","1","","13","","","","101.88","","","","","","NA"
"2012-03-20 01:00","2012","03","20","01:00"," ","","M","","M","","M","1","","11","","","","101.88","","","","","","NA"
"2012-03-20 02:00","2012","03","20","02:00"," ","","M","","M","","M","1","","11","","","","101.88","","","","","","NA"
"2012-03-20 03:00","2012","03","20","03:00"," ","","M","","M","","M","36","","6","","","","101.89","","","","","","NA"
"2012-03-20 04:00","2012","03","20","04:00"," ","","M","","M","","M","1","","6","","","","101.91","","","","","","NA"
"2012-03-20 05:00","2012","03","20","05:00"," ","","M","","M","","M","2","","9","","","","101.95","","","","","","NA"
"2012-03-20 06:00","2012","03","20","06:00"," ","","M","","M","","M","34","","6","","","","101.99","","","","","","NA"
"2012-03-20 07:00","2012","03","20","07:00"," ","","M","","M","","M","1","","6","","","","102.03","","","","","","NA"
"2012-03-20 08:00","2012","03","20","08:00"," ","","M","","M","","M","34","","6","","","","102.10","","","","","","NA"
"2012-03-20 09:00","2012","03","20","09:00"," ","","M","","M","","M","18","","6","","","","102.12","","","","","","NA"
"2012-03-20 10:00","2012","03","20","10:00"," ","","M","","M","","M","17","","6","","","","102.10","","","","","","NA"
"2012-03-20 11:00","2012","03","20","11:00"," ","","M","","M","","M","19","","6","","","","102.04","","","","","","NA"
"2012-03-20 12:00","2012","03","20","12:00"," ","","M","","M","","M","18","","9","","","","102.00","","","","","","NA"
"2012-03-20 13:00","2012","03","20","13:00"," ","","M","","M","","M","20","","11","","","","101.95","","","","","","NA"
"2012-03-20 14:00","2012","03","20","14:00"," ","","M","","M","","M","19","","11","","","","101.86","","","","","","NA"
"2012-03-20 15:00","2012","03","20","15:00"," ","","M","","M","","M","21","","9","","","","101.81","","","","","","NA"
"2012-03-20 16:00","2012","03","20","16:00"," ","","M","","M","","M","22","","7","","","","101.75","","","","","","NA"
"2012-03-20 17:00","2012","03","20","17:00"," ","","M","","M","","M","18","","9","","","","101.75","","","","","","NA"
"2012-03-20 18:00","2012","03","20","18:00"," ","","M","","M","","M","18","","7","","","","101.77","","","","","","NA"
"2012-03-20 19:00","2012","03","20","19:00"," ","","M","","M","","M","24","","6","","","","101.82","","","","","","NA"
"2012-03-20 20:00","2012","03","20","20:00"," ","","M","","M","","M","15","","4","","","","101.88","","","","","","NA"
"2012-03-20 21:00","2012","03","20","21:00"," ","","M","","M","","M","20","","2","","","","101.93","","","","","","NA"
"2012-03-20 22:00","2012","03","20","22:00"," ","","M","","M","","M","17","","6","","","","101.93","","","","","","NA"
"2012-03-20 23:00","2012","03","20","23:00"," ","","M","","M","","M","18","","2","","","","101.94","","","","","","NA"
"2012-03-21 00:00","2012","03","21","00:00"," ","","M","","M","","M","22","","6","","","","101.93","","","","","","NA"
"2012-03-21 01:00","2012","03","21","01:00"," ","","M","","M","","M","16","","4","","","","101.94","","","","","","NA"
"2012-03-21 02:00","2012","03","21","02:00"," ","","M","","M","","M","26","","4","","","","101.96","","","","","","NA"
"2012-03-21 03:00","2012","03","21","03:00"," ","","M","","M","","M","15","","4","","","","101.96","","","","","","NA"
"2012-03-21 04:00","2012","03","21","04:00"," ","","M","","M","","M","33","","4","","","","101.98","","","","","","NA"
"2012-03-21 05:00","2012","03","21","05:00"," ","","M","","M","","M","13","","2","","","","102.05","","","","","","NA"
"2012-03-21 06:00","2012","03","21","06:00"," ","","M","","M","","M","16","","4","","","","102.10","","","","","","NA"
"2012-03-21 07:00","2012","03","21","07:00"," ","","M","","M","","M","16","","4","","","","102.13","","","","","","NA"
"2012-03-21 08:00","2012","03","21","08:00"," ","","M","","M","","M","19","","7","","","","102.17","","","","","","NA"
"2012-03-21 09:00","2012","03","21","09:00"," ","","M","","M","","M","19","","7","","","","102.19","","","","","","NA"
"2012-03-21 10:00","2012","03","21","10:00"," ","","M","","M","","M","18","","13","","","","102.10","","","","","","NA"
"2012-03-21 11:00","2012","03","21","11:00"," ","","M","","M","","M","21","","13","","","","102.02","","","","","","NA"
"2012-03-21 12:00","2012","03","21","12:00"," ","","M","","M","","M","21","","17","","","","101.96","","","","","","NA"
"2012-03-21 13:00","2012","03","21","13:00"," ","","M","","M","","M","22","","13","","","","101.87","","","","","","NA"
"2012-03-21 14:00","2012","03","21","14:00"," ","","M","","M","","M","22","","13","","","","101.79","","","","","","NA"
"2012-03-21 15:00","2012","03","21","15:00"," ","","M","","M","","M","21","","17","","","","101.75","","","","","","NA"
"2012-03-21 16:00","2012","03","21","16:00"," ","","M","","M","","M","22","","13","","","","101.72","","","","","","NA"
"2012-03-21 17:00","2012","03","21","17:00"," ","","M","","M","","M","23","","7","","","","101.71","","","","","","NA"
"2012-03-21 18:00","2012","03","21","18:00"," ","","M","","M","","M","20","","6","","","","101.70","","","","","","NA"
"2012-03-21 19:00","2012","03","21","19:00"," ","","M","","M","","M","16","","7","","","","101.71","","","","","","NA"
"2012-03-21 20:00","2012","03","21","20:00"," ","","M","","M","","M","17","","6","","","","101.74","","","","","","NA"
"2012-03-21 21:00","2012","03","21","21:00"," ","","M","","M","","M","19","","13","","","","101.72","","","","","","NA"
"2012-03-21 22:00","2012","03","21","22:00"," ","","M","","M","","M","22","","7","","","","101.69","","","","","","NA"
"2012-03-21 23:00","2012","03","21","23:00"," ","","M","","M","","M","24","","7","","","","101.69","","","","","","NA"
"2012-03-22 00:00","2012","03","22","00:00"," ","","M","","M","","M","21","","7","","","","101.66","","","","","","NA"
"2012-03-22 01:00","2012","03","22","01:00"," ","","M","","M","","M","23","","7","","","","101.64","","","","","","NA"
"2012-03-22 02:00","2012","03","22","02:00"," ","","M","","M","","M","21","","6","","","","101.62","","","","","","NA"
"2012-03-22 03:00","2012","03","22","03:00"," ","","M","","M","","M","20","","6","","","","101.59","","","","","","NA"
"2012-03-22 04:00","2012","03","22","04:00"," ","","M","","M","","M","24","","6","","","","101.56","","","","","","NA"
"2012-03-22 05:00","2012","03","22","05:00"," ","","M","","M","","M","24","","9","","","","101.61","","","","","","NA"
"2012-03-22 06:00","2012","03","22","06:00"," ","","M","","M","","M","21","","13","","","","101.61","","","","","","NA"
"2012-03-22 07:00","2012","03","22","07:00"," ","","M","","M","","M","22","","15","","","","101.57","","","","","","NA"
"2012-03-22 08:00","2012","03","22","08:00"," ","","M","","M","","M","22","","13","","","","101.56","","","","","","NA"
"2012-03-22 09:00","2012","03","22","09:00"," ","","M","","M","","M","22","","15","","","","101.56","","","","","","NA"
"2012-03-22 10:00","2012","03","22","10:00"," ","","M","","M","","M","26","","17","","","","101.59","","","","","","NA"
"2012-03-22 11:00","2012","03","22","11:00"," ","","M","","M","","M","21","","11","","","","101.54","","","","","","NA"
"2012-03-22 12:00","2012","03","22","12:00"," ","","M","","M","","M","26","","15","","","","101.52","","","","","","NA"
"2012-03-22 13:00","2012","03","22","13:00"," ","","M","","M","","M","27","","13","","","","101.46","","","","","","NA"
"2012-03-22 14:00","2012","03","22","14:00"," ","","M","","M","","M","29","","17","","","","101.42","","","","","","NA"
"2012-03-22 15:00","2012","03","22","15:00"," ","","M","","M","","M","35","","6","","","","101.40","","","","","","NA"
"2012-03-22 16:00","2012","03","22","16:00"," ","","M","","M","","M","27","","9","","","","101.36","","","","","","NA"
"2012-03-22 17:00","2012","03","22","17:00"," ","","M","","M","","M","32","","15","","","","101.42","","","","","","NA"
"2012-03-22 18:00","2012","03","22","18:00"," ","","M","","M","","M","33","","19","","","","101.50","","","","","","NA"
"2012-03-22 19:00","2012","03","22","19:00"," ","","M","","M","","M","33","","17","","","","101.55","","","","","","NA"
"2012-03-22 20:00","2012","03","22","20:00"," ","","M","","M","","M","33","","15","","","","101.61","","","","","","NA"
"2012-03-22 21:00","2012","03","22","21:00"," ","","M","","M","","M","31","","9","","","","101.62","","","","","","NA"
"2012-03-22 22:00","2012","03","22","22:00"," ","","M","","M","","M","29","","9","","","","101.64","","","","","","NA"
"2012-03-22 23:00","2012","03","22","23:00"," ","","M","","M","","M","31","","6","","","","101.66","","","","","","NA"
"2012-03-23 00:00","2012","03","23","00:00"," ","","M","","M","","M","30","","6","","","","101.69","","","","","","NA"
"2012-03-23 01:00","2012","03","23","01:00"," ","","M","","M","","M","28","","2","","","","101.73","","","","","","NA"
"2012-03-23 02:00","2012","03","23","02:00"," ","","M","","M","","M","32","","7","","","","101.73","","","","","","NA"
"2012-03-23 03:00","2012","03","23","03:00"," ","","M","","M","","M","33","","9","","","","101.75","","","","","","NA"
"2012-03-23 04:00","2012","03","23","04:00"," ","","M","","M","","M","3","","6","","","","101.79","","","","","","NA"
"2012-03-23 05:00","2012","03","23","05:00"," ","","M","","M","","M","1","","7","","","","101.88","","","","","","NA"
"2012-03-23 06:00","2012","03","23","06:00"," ","","M","","M","","M","1","","7","","","","101.93","","","","","","NA"
"2012-03-23 07:00","2012","03","23","07:00"," ","","M","","M","","M","","","0","","","","101.95","","","","","","NA"
"2012-03-23 08:00","2012","03","23","08:00"," ","","M","","M","","M","22","","2","","","","101.96","","","","","","NA"
"2012-03-23 09:00","2012","03","23","09:00"," ","","M","","M","","M","19","","7","","","","101.97","","","","","","NA"
"2012-03-23 10:00","2012","03","23","10:00"," ","","M","","M","","M","33","","13","","","","101.95","","","","","","NA"
"2012-03-23 11:00","2012","03","23","11:00"," ","","M","","M","","M","33","","17","","","","101.89","","","","","","NA"
"2012-03-23 12:00","2012","03","23","12:00"," ","","M","","M","","M","31","","17","","","","101.84","","","","","","NA"
"2012-03-23 13:00","2012","03","23","13:00"," ","","M","","M","","M","21","","9","","","","101.73","","","","","","NA"
"2012-03-23 14:00","2012","03","23","14:00"," ","","M","","M","","M","34","","20","","","","101.68","","","","","","NA"
"2012-03-23 15:00","2012","03","23","15:00"," ","","M","","M","","M","34","","20","","","","101.66","","","","","","NA"
"2012-03-23 16:00","2012","03","23","16:00"," ","","M","","M","","M","34","","24","","","","101.63","","","","","","NA"
"2012-03-23 17:00","2012","03","23","17:00"," ","","M","","M","","M","33","","17","","","","101.65","","","","","","NA"
"2012-03-23 18:00","2012","03","23","18:00"," ","","M","","M","","M","31","","15","","","","101.68","","","","","","NA"
"2012-03-23 19:00","2012","03","23","19:00"," ","","M","","M","","M","33","","15","","","","101.71","","","","","","NA"
"2012-03-23 20:00","2012","03","23","20:00"," ","","M","","M","","M","35","","7","","","","101.74","","","","","","NA"
"2012-03-23 21:00","2012","03","23","21:00"," ","","M","","M","","M","1","","15","","","","101.74","","","","","","NA"
"2012-03-23 22:00","2012","03","23","22:00"," ","","M","","M","","M","2","","17","","","","101.76","","","","","","NA"
"2012-03-23 23:00","2012","03","23","23:00"," ","","M","","M","","M","4","","17","","","","101.81","","","","","","NA"
"2012-03-24 00:00","2012","03","24","00:00"," ","","M","","M","","M","4","","20","","","","101.82","","","","","","NA"
"2012-03-24 01:00","2012","03","24","01:00"," ","","M","","M","","M","4","","19","","","","101.88","","","","","","NA"
"2012-03-24 02:00","2012","03","24","02:00"," ","","M","","M","","M","4","","20","","","","101.89","","","","","","NA"
"2012-03-24 03:00","2012","03","24","03:00"," ","","M","","M","","M","4","","19","","","","101.89","","","","","","NA"
"2012-03-24 04:00","2012","03","24","04:00"," ","","M","","M","","M","5","","13","","","","101.91","","","","","","NA"
"2012-03-24 05:00","2012","03","24","05:00"," ","","M","","M","","M","5","","13","","","","101.92","","","","","","NA"
"2012-03-24 06:00","2012","03","24","06:00"," ","","M","","M","","M","4","","15","","","","101.97","","","","","","NA"
"2012-03-24 07:00","2012","03","24","07:00"," ","","M","","M","","M","5","","11","","","","102.00","","","","","","NA"
"2012-03-24 08:00","2012","03","24","08:00"," ","","M","","M","","M","5","","15","","","","102.00","","","","","","NA"
"2012-03-24 09:00","2012","03","24","09:00"," ","","M","","M","","M","5","","19","","","","101.98","","","","","","NA"
"2012-03-24 10:00","2012","03","24","10:00"," ","","M","","M","","M","4","","19","","","","101.91","","","","","","NA"
"2012-03-24 11:00","2012","03","24","11:00"," ","","M","","M","","M","4","","22","","","","101.88","","","","","","NA"
"2012-03-24 12:00","2012","03","24","12:00"," ","","M","","M","","M","4","","15","","","","101.82","","","","","","NA"
"2012-03-24 13:00","2012","03","24","13:00"," ","","M","","M","","M","4","","15","","","","101.77","","","","","","NA"
"2012-03-24 14:00","2012","03","24","14:00"," ","","M","","M","","M","3","","7","","","","101.71","","","","","","NA"
"2012-03-24 15:00","2012","03","24","15:00"," ","","M","","M","","M","1","","6","","","","101.63","","","","","","NA"
"2012-03-24 16:00","2012","03","24","16:00"," ","","M","","M","","M","3","","7","","","","101.56","","","","","","NA"
"2012-03-24 17:00","2012","03","24","17:00"," ","","M","","M","","M","4","","15","","","","101.50","","","","","","NA"
"2012-03-24 18:00","2012","03","24","18:00"," ","","M","","M","","M","4","","11","","","","101.48","","","","","","NA"
"2012-03-24 19:00","2012","03","24","19:00"," ","","M","","M","","M","5","","11","","","","101.41","","","","","","NA"
"2012-03-24 20:00","2012","03","24","20:00"," ","","M","","M","","M","4","","7","","","","101.38","","","","","","NA"
"2012-03-24 21:00","2012","03","24","21:00"," ","","M","","M","","M","8","","7","","","","101.30","","","","","","NA"
"2012-03-24 22:00","2012","03","24","22:00"," ","","M","","M","","M","4","","7","","","","101.24","","","","","","NA"
"2012-03-24 23:00","2012","03","24","23:00"," ","","M","","M","","M","4","","7","","","","101.18","","","","","","NA"
"2012-03-25 00:00","2012","03","25","00:00"," ","","M","","M","","M","4","","17","","","","101.08","","","","","","NA"
"2012-03-25 01:00","2012","03","25","01:00"," ","","M","","M","","M","4","","13","","","","101.05","","","","","","NA"
"2012-03-25 02:00","2012","03","25","02:00"," ","","M","","M","","M","4","","9","","","","100.94","","","","","","NA"
"2012-03-25 03:00","2012","03","25","03:00"," ","","M","","M","","M","3","","6","","","","100.86","","","","","","NA"
"2012-03-25 04:00","2012","03","25","04:00"," ","","M","","M","","M","35","","7","","","","100.82","","","","","","NA"
"2012-03-25 05:00","2012","03","25","05:00"," ","","M","","M","","M","3","","11","","","","100.77","","","","","","NA"
"2012-03-25 06:00","2012","03","25","06:00"," ","","M","","M","","M","3","","15","","","","100.79","","","","","","NA"
"2012-03-25 07:00","2012","03","25","07:00"," ","","M","","M","","M","3","","11","","","","100.79","","","","","","NA"
"2012-03-25 08:00","2012","03","25","08:00"," ","","M","","M","","M","1","","6","","","","100.76","","","","","","NA"
"2012-03-25 09:00","2012","03","25","09:00"," ","","M","","M","","M","32","","4","","","","100.73","","","","","","NA"
"2012-03-25 10:00","2012","03","25","10:00"," ","","M","","M","","M","32","","2","","","","100.68","","","","","","NA"
"2012-03-25 11:00","2012","03","25","11:00"," ","","M","","M","","M","18","","4","","","","100.61","","","","","","NA"
"2012-03-25 12:00","2012","03","25","12:00"," ","","M","","M","","M","26","","6","","","","100.57","","","","","","NA"
"2012-03-25 13:00","2012","03","25","13:00"," ","","M","","M","","M","27","","6","","","","100.49","","","","","","NA"
"2012-03-25 14:00","2012","03","25","14:00"," ","","M","","M","","M","22","","9","","","","100.41","","","","","","NA"
"2012-03-25 15:00","2012","03","25","15:00"," ","","M","","M","","M","21","","9","","","","100.31","","","","","","NA"
"2012-03-25 16:00","2012","03","25","16:00"," ","","M","","M","","M","21","","7","","","","100.29","","","","","","NA"
"2012-03-25 17:00","2012","03","25","17:00"," ","","M","","M","","M","23","","7","","","","100.28","","","","","","NA"
"2012-03-25 18:00","2012","03","25","18:00"," ","","M","","M","","M","28","","6","","","","100.30","","","","","","NA"
"2012-03-25 19:00","2012","03","25","19:00"," ","","M","","M","","M","25","","6","","","","100.27","","","","","","NA"
"2012-03-25 20:00","2012","03","25","20:00"," ","","M","","M","","M","18","","7","","","","100.25","","","","","","NA"
"2012-03-25 21:00","2012","03","25","21:00"," ","","M","","M","","M","22","","9","","","","100.24","","","","","","NA"
"2012-03-25 22:00","2012","03","25","22:00"," ","","M","","M","","M","23","","9","","","","100.20","","","","","","NA"
"2012-03-25 23:00","2012","03","25","23:00"," ","","M","","M","","M","27","","7","","","","100.14","","","","","","NA"
"2012-03-26 00:00","2012","03","26","00:00"," ","","M","","M","","M","32","","26","","","","100.18","","","","","","NA"
"2012-03-26 01:00","2012","03","26","01:00"," ","","M","","M","","M","32","","37","","","","100.32","","","","","","NA"
"2012-03-26 02:00","2012","03","26","02:00"," ","","M","","M","","M","32","","24","","","","100.42","","","","","","NA"
"2012-03-26 03:00","2012","03","26","03:00"," ","","M","","M","","M","34","","26","","","","100.62","","","","","","NA"
"2012-03-26 04:00","2012","03","26","04:00"," ","","M","","M","","M","33","","24","","","","100.76","","","","","","NA"
"2012-03-26 05:00","2012","03","26","05:00"," ","","M","","M","","M","32","","26","","","","100.89","","","","","","NA"
"2012-03-26 06:00","2012","03","26","06:00"," ","","M","","M","","M","32","","33","","","","101.06","","","","","","NA"
"2012-03-26 07:00","2012","03","26","07:00"," ","","M","","M","","M","33","","28","","","","101.21","","","","","","NA"
"2012-03-26 08:00","2012","03","26","08:00"," ","","M","","M","","M","30","","30","","","","101.30","","","","","","NA"
"2012-03-26 09:00","2012","03","26","09:00"," ","","M","","M","","M","31","","24","","","","101.35","","","","","","NA"
"2012-03-26 10:00","2012","03","26","10:00"," ","","M","","M","","M","33","","28","","","","101.34","","","","","","NA"
"2012-03-26 11:00","2012","03","26","11:00"," ","","M","","M","","M","31","","30","","","","101.32","","","","","","NA"
"2012-03-26 12:00","2012","03","26","12:00"," ","","M","","M","","M","29","","28","","","","101.30","","","","","","NA"
"2012-03-26 13:00","2012","03","26","13:00"," ","","M","","M","","M","32","","30","","","","101.28","","","","","","NA"
"2012-03-26 14:00","2012","03","26","14:00"," ","","M","","M","","M","32","","30","","","","101.27","","","","","","NA"
"2012-03-26 15:00","2012","03","26","15:00"," ","","M","","M","","M","32","","39","","","","101.26","","","","","","NA"
"2012-03-26 16:00","2012","03","26","16:00"," ","","M","","M","","M","31","","39","","","","101.30","","","","","","NA"
"2012-03-26 17:00","2012","03","26","17:00"," ","","M","","M","","M","31","","32","","","","101.36","","","","","","NA"
"2012-03-26 18:00","2012","03","26","18:00"," ","","M","","M","","M","33","","35","","","","101.46","","","","","","NA"
"2012-03-26 19:00","2012","03","26","19:00"," ","","M","","M","","M","34","","26","","","","101.59","","","","","","NA"
"2012-03-26 20:00","2012","03","26","20:00"," ","","M","","M","","M","34","","39","","","","101.71","","","","","","NA"
"2012-03-26 21:00","2012","03","26","21:00"," ","","M","","M","","M","33","","30","","","","101.82","","","","","","NA"
"2012-03-26 22:00","2012","03","26","22:00"," ","","M","","M","","M","33","","32","","","","101.86","","","","","","NA"
"2012-03-26 23:00","2012","03","26","23:00"," ","","M","","M","","M","33","","28","","","","101.93","","","","","","NA"
"2012-03-27 00:00","2012","03","27","00:00"," ","","M","","M","","M","33","","26","","","","101.96","","","","","","NA"
"2012-03-27 01:00","2012","03","27","01:00"," ","","M","","M","","M","33","","20","","","","101.99","","","","","","NA"
"2012-03-27 02:00","2012","03","27","02:00"," ","","M","","M","","M","34","","19","","","","102.06","","","","","","NA"
"2012-03-27 03:00","2012","03","27","03:00"," ","","M","","M","","M","33","","15","","","","102.09","","","","","","NA"
"2012-03-27 04:00","2012","03","27","04:00"," ","","M","","M","","M","34","","15","","","","102.17","","","","","","NA"
"2012-03-27 05:00","2012","03","27","05:00"," ","","M","","M","","M","32","","11","","","","102.28","","","","","","NA"
"2012-03-27 06:00","2012","03","27","06:00"," ","","M","","M","","M","32","","13","","","","102.34","","","","","","NA"
"2012-03-27 07:00","2012","03","27","07:00"," ","","M","","M","","M","33","","11","","","","102.43","","","","","","NA"
"2012-03-27 08:00","2012","03","27","08:00"," ","","M","","M","","M","33","","15","","","","102.45","","","","","","NA"
"2012-03-27 09:00","2012","03","27","09:00"," ","","M","","M","","M","34","","9","","","","102.47","","","","","","NA"
"2012-03-27 10:00","2012","03","27","10:00"," ","","M","","M","","M","32","","6","","","","102.51","","","","","","NA"
"2012-03-27 11:00","2012","03","27","11:00"," ","","M","","M","","M","26","","9","","","","102.47","","","","","","NA"
"2012-03-27 12:00","2012","03","27","12:00"," ","","M","","M","","M","22","","9","","","","102.33","","","","","","NA"
"2012-03-27 13:00","2012","03","27","13:00"," ","","M","","M","","M","27","","13","","","","102.22","","","","","","NA"
"2012-03-27 14:00","2012","03","27","14:00"," ","","M","","M","","M","27","","7","","","","102.09","","","","","","NA"
"2012-03-27 15:00","2012","03","27","15:00"," ","","M","","M","","M","19","","17","","","","102.02","","","","","","NA"
"2012-03-27 16:00","2012","03","27","16:00"," ","","M","","M","","M","20","","19","","","","101.96","","","","","","NA"
"2012-03-27 17:00","2012","03","27","17:00"," ","","M","","M","","M","21","","17","","","","101.91","","","","","","NA"
"2012-03-27 18:00","2012","03","27","18:00"," ","","M","","M","","M","21","","13","","","","101.82","","","","","","NA"
"2012-03-27 19:00","2012","03","27","19:00"," ","","M","","M","","M","21","","11","","","","101.77","","","","","","NA"
"2012-03-27 20:00","2012","03","27","20:00"," ","","M","","M","","M","18","","11","","","","101.71","","","","","","NA"
"2012-03-27 21:00","2012","03","27","21:00"," ","","M","","M","","M","16","","11","","","","101.70","","","","","","NA"
"2012-03-27 22:00","2012","03","27","22:00"," ","","M","","M","","M","16","","20","","","","101.49","","","","","","NA"
"2012-03-27 23:00","2012","03","27","23:00"," ","","M","","M","","M","16","","13","","","","101.45","","","","","","NA"
"2012-03-28 00:00","2012","03","28","00:00"," ","","M","","M","","M","28","","4","","","","101.62","","","","","","NA"
"2012-03-28 01:00","2012","03","28","01:00"," ","","M","","M","","M","9","","11","","","","101.42","","","","","","NA"
"2012-03-28 02:00","2012","03","28","02:00"," ","","M","","M","","M","10","","11","","","","101.30","","","","","","NA"
"2012-03-28 03:00","2012","03","28","03:00"," ","","M","","M","","M","13","","22","","","","101.10","","","","","","NA"
"2012-03-28 04:00","2012","03","28","04:00"," ","","M","","M","","M","13","","26","","","","100.92","","","","","","NA"
"2012-03-28 05:00","2012","03","28","05:00"," ","","M","","M","","M","12","","24","","","","100.71","","","","","","NA"
"2012-03-28 06:00","2012","03","28","06:00"," ","","M","","M","","M","12","","26","","","","100.54","","","","","","NA"
"2012-03-28 07:00","2012","03","28","07:00"," ","","M","","M","","M","13","","24","","","","100.43","","","","","","NA"
"2012-03-28 08:00","2012","03","28","08:00"," ","","M","","M","","M","12","","19","","","","100.27","","","","","","NA"
"2012-03-28 09:00","2012","03","28","09:00"," ","","M","","M","","M","13","","20","","","","100.12","","","","","","NA"
"2012-03-28 10:00","2012","03","28","10:00"," ","","M","","M","","M","12","","15","","","","99.96","","","","","","NA"
"2012-03-28 11:00","2012","03","28","11:00"," ","","M","","M","","M","12","","15","","","","99.77","","","","","","NA"
"2012-03-28 12:00","2012","03","28","12:00"," ","","M","","M","","M","9","","9","","","","99.67","","","","","","NA"
"2012-03-28 13:00","2012","03","28","13:00"," ","","M","","M","","M","11","","11","","","","99.54","","","","","","NA"
"2012-03-28 14:00","2012","03","28","14:00"," ","","M","","M","","M","3","","9","","","","99.48","","","","","","NA"
"2012-03-28 15:00","2012","03","28","15:00"," ","","M","","M","","M","3","","17","","","","99.44","","","","","","NA"
"2012-03-28 16:00","2012","03","28","16:00"," ","","M","","M","","M","1","","19","","","","99.51","","","","","","NA"
"2012-03-28 17:00","2012","03","28","17:00"," ","","M","","M","","M","2","","19","","","","99.56","","","","","","NA"
"2012-03-28 18:00","2012","03","28","18:00"," ","","M","","M","","M","1","","15","","","","99.66","","","","","","NA"
"2012-03-28 19:00","2012","03","28","19:00"," ","","M","","M","","M","35","","13","","","","99.77","","","","","","NA"
"2012-03-28 20:00","2012","03","28","20:00"," ","","M","","M","","M","35","","15","","","","99.89","","","","","","NA"
"2012-03-28 21:00","2012","03","28","21:00"," ","","M","","M","","M","1","","13","","","","99.94","","","","","","NA"
"2012-03-28 22:00","2012","03","28","22:00"," ","","M","","M","","M","36","","11","","","","99.98","","","","","","NA"
"2012-03-28 23:00","2012","03","28","23:00"," ","","M","","M","","M","36","","13","","","","100.02","","","","","","NA"
"2012-03-29 00:00","2012","03","29","00:00"," ","","M","","M","","M","35","","11","","","","100.07","","","","","","NA"
"2012-03-29 01:00","2012","03","29","01:00"," ","","M","","M","","M","36","","15","","","","100.15","","","","","","NA"
"2012-03-29 02:00","2012","03","29","02:00"," ","","M","","M","","M","1","","15","","","","100.17","","","","","","NA"
"2012-03-29 03:00","2012","03","29","03:00"," ","","M","","M","","M","2","","13","","","","100.22","","","","","","NA"
"2012-03-29 04:00","2012","03","29","04:00"," ","","M","","M","","M","1","","11","","","","100.30","","","","","","NA"
"2012-03-29 05:00","2012","03","29","05:00"," ","","M","","M","","M","1","","11","","","","100.38","","","","","","NA"
"2012-03-29 06:00","2012","03","29","06:00"," ","","M","","M","","M","36","","7","","","","100.47","","","","","","NA"
"2012-03-29 07:00","2012","03","29","07:00"," ","","M","","M","","M","33","","9","","","","100.55","","","","","","NA"
"2012-03-29 08:00","2012","03","29","08:00"," ","","M","","M","","M","30","","7","","","","100.62","","","","","","NA"
"2012-03-29 09:00","2012","03","29","09:00"," ","","M","","M","","M","34","","15","","","","100.66","","","","","","NA"
"2012-03-29 10:00","2012","03","29","10:00"," ","","M","","M","","M","36","","13","","","","100.72","","","","","","NA"
"2012-03-29 11:00","2012","03","29","11:00"," ","","M","","M","","M","32","","11","","","","100.73","","","","","","NA"
"2012-03-29 12:00","2012","03","29","12:00"," ","","M","","M","","M","32","","7","","","","100.73","","","","","","NA"
"2012-03-29 13:00","2012","03","29","13:00"," ","","M","","M","","M","32","","15","","","","100.74","","","","","","NA"
"2012-03-29 14:00","2012","03","29","14:00"," ","","M","","M","","M","32","","19","","","","100.78","","","","","","NA"
"2012-03-29 15:00","2012","03","29","15:00"," ","","M","","M","","M","32","","20","","","","100.83","","","","","","NA"
"2012-03-29 16:00","2012","03","29","16:00"," ","","M","","M","","M","33","","22","","","","100.89","","","","","","NA"
"2012-03-29 17:00","2012","03","29","17:00"," ","","M","","M","","M","32","","24","","","","100.92","","","","","","NA"
"2012-03-29 18:00","2012","03","29","18:00"," ","","M","","M","","M","33","","26","","","","101.00","","","","","","NA"
"2012-03-29 19:00","2012","03","29","19:00"," ","","M","","M","","M","31","","22","","","","101.04","","","","","","NA"
"2012-03-29 20:00","2012","03","29","20:00"," ","","M","","M","","M","31","","19","","","","101.09","","","","","","NA"
"2012-03-29 21:00","2012","03","29","21:00"," ","","M","","M","","M","31","","30","","","","101.14","","","","","","NA"
"2012-03-29 22:00","2012","03","29","22:00"," ","","M","","M","","M","32","","20","","","","101.16","","","","","","NA"
"2012-03-29 23:00","2012","03","29","23:00"," ","","M","","M","","M","29","","24","","","","101.19","","","","","","NA"
"2012-03-30 00:00","2012","03","30","00:00"," ","","M","","M","","M","33","","22","","","","101.21","","","","","","NA"
"2012-03-30 01:00","2012","03","30","01:00"," ","","M","","M","","M","30","","22","","","","101.22","","","","","","NA"
"2012-03-30 02:00","2012","03","30","02:00"," ","","M","","M","","M","34","","19","","","","101.25","","","","","","NA"
"2012-03-30 03:00","2012","03","30","03:00"," ","","M","","M","","M","33","","19","","","","101.28","","","","","","NA"
"2012-03-30 04:00","2012","03","30","04:00"," ","","M","","M","","M","35","","7","","","","101.37","","","","","","NA"
"2012-03-30 05:00","2012","03","30","05:00"," ","","M","","M","","M","33","","6","","","","101.35","","","","","","NA"
"2012-03-30 06:00","2012","03","30","06:00"," ","","M","","M","","M","32","","17","","","","101.43","","","","","","NA"
"2012-03-30 07:00","2012","03","30","07:00"," ","","M","","M","","M","33","","19","","","","101.55","","","","","","NA"
"2012-03-30 08:00","2012","03","30","08:00"," ","","M","","M","","M","32","","13","","","","101.60","","","","","","NA"
"2012-03-30 09:00","2012","03","30","09:00"," ","","M","","M","","M","31","","9","","","","101.66","","","","","","NA"
"2012-03-30 10:00","2012","03","30","10:00"," ","","M","","M","","M","30","","11","","","","101.65","","","","","","NA"
"2012-03-30 11:00","2012","03","30","11:00"," ","","M","","M","","M","30","","7","","","","101.59","","","","","","NA"
"2012-03-30 12:00","2012","03","30","12:00"," ","","M","","M","","M","19","","17","","","","101.55","","","","","","NA"
"2012-03-30 13:00","2012","03","30","13:00"," ","","M","","M","","M","23","","7","","","","101.40","","","","","","NA"
"2012-03-30 14:00","2012","03","30","14:00"," ","","M","","M","","M","21","","13","","","","101.31","","","","","","NA"
"2012-03-30 15:00","2012","03","30","15:00"," ","","M","","M","","M","21","","13","","","","101.28","","","","","","NA"
"2012-03-30 16:00","2012","03","30","16:00"," ","","M","","M","","M","20","","17","","","","101.28","","","","","","NA"
"2012-03-30 17:00","2012","03","30","17:00"," ","","M","","M","","M","19","","15","","","","101.26","","","","","","NA"
"2012-03-30 18:00","2012","03","30","18:00"," ","","M","","M","","M","19","","13","","","","101.29","","","","","","NA"
"2012-03-30 19:00","2012","03","30","19:00"," ","","M","","M","","M","18","","9","","","","101.32","","","","","","NA"
"2012-03-30 20:00","2012","03","30","20:00"," ","","M","","M","","M","25","","6","","","","101.33","","","","","","NA"
"2012-03-30 21:00","2012","03","30","21:00"," ","","M","","M","","M","21","","2","","","","101.35","","","","","","NA"
"2012-03-30 22:00","2012","03","30","22:00"," ","","M","","M","","M","34","","2","","","","101.33","","","","","","NA"
"2012-03-30 23:00","2012","03","30","23:00"," ","","M","","M","","M","6","","6","","","","101.37","","","","","","NA"
"2012-03-31 00:00","2012","03","31","00:00"," ","","M","","M","","M","4","","11","","","","101.35","","","","","","NA"
"2012-03-31 01:00","2012","03","31","01:00"," ","","M","","M","","M","4","","13","","","","101.35","","","","","","NA"
"2012-03-31 02:00","2012","03","31","02:00"," ","","M","","M","","M","5","","7","","","","101.32","","","","","","NA"
"2012-03-31 03:00","2012","03","31","03:00"," ","","M","","M","","M","4","","11","","","","101.34","","","","","","NA"
"2012-03-31 04:00","2012","03","31","04:00"," ","","M","","M","","M","2","","11","","","","101.34","","","","","","NA"
"2012-03-31 05:00","2012","03","31","05:00"," ","","M","","M","","M","3","","11","","","","101.34","","","","","","NA"
"2012-03-31 06:00","2012","03","31","06:00"," ","","M","","M","","M","3","","13","","","","101.35","","","","","","NA"
"2012-03-31 07:00","2012","03","31","07:00"," ","","M","","M","","M","3","","15","","","","101.35","","","","","","NA"
"2012-03-31 08:00","2012","03","31","08:00"," ","","M","","M","","M","3","","17","","","","101.36","","","","","","NA"
"2012-03-31 09:00","2012","03","31","09:00"," ","","M","","M","","M","4","","13","","","","101.37","","","","","","NA"
"2012-03-31 10:00","2012","03","31","10:00"," ","","M","","M","","M","3","","11","","","","101.32","","","","","","NA"
"2012-03-31 11:00","2012","03","31","11:00"," ","","M","","M","","M","10","","7","","","","101.26","","","","","","NA"
"2012-03-31 12:00","2012","03","31","12:00"," ","","M","","M","","M","2","","7","","","","101.19","","","","","","NA"
"2012-03-31 13:00","2012","03","31","13:00"," ","","M","","M","","M","7","","7","","","","101.10","","","","","","NA"
"2012-03-31 14:00","2012","03","31","14:00"," ","","M","","M","","M","7","","6","","","","101.04","","","","","","NA"
"2012-03-31 15:00","2012","03","31","15:00"," ","","M","","M","","M","10","","6","","","","100.96","","","","","","NA"
"2012-03-31 16:00","2012","03","31","16:00"," ","","M","","M","","M","24","","4","","","","100.92","","","","","","NA"
"2012-03-31 17:00","2012","03","31","17:00"," ","","M","","M","","M","23","","6","","","","100.91","","","","","","NA"
"2012-03-31 18:00","2012","03","31","18:00"," ","","M","","M","","M","24","","4","","","","100.91","","","","","","NA"
"2012-03-31 19:00","2012","03","31","19:00"," ","","M","","M","","M","17","","6","","","","100.91","","","","","","NA"
"2012-03-31 20:00","2012","03","31","20:00"," ","","M","","M","","M","15","","9","","","","100.88","","","","","","NA"
"2012-03-31 21:00","2012","03","31","21:00"," ","","M","","M","","M","25","","4","","","","100.88","","","","","","NA"
"2012-03-31 22:00","2012","03","31","22:00"," ","","M","","M","","M","","","0","","","","100.84","","","","","","NA"
"2012-03-31 23:00","2012","03","31","23:00"," ","","M","","M","","M","1","","4","","","","100.83","","","","","","NA"
